name,phone,category,district,cooperativeName
Asha Kale,9822000101,PACS_MEMBER,Pune,Khed PACS
Vijay More,9822000102,COOP_EMPLOYEE,Nashik,Nashik DCCB
Sunanda Gaikwad,9822000103,PACS_MEMBER,Kolhapur,Kagal PACS
Rahul Shinde,9822000104,COOP_EMPLOYEE,Pune,Baramati Sahakari Bank
Meena Jadhav,9822000105,PACS_MEMBER,Nagpur,Katol PACS
Prakash Pawar,98220,PACS_MEMBER,Pune,Junnar PACS
Kiran Deshpande,9822000107,COOP_EMPLOYEE,Nashik,Niphad Coop Society
Lata Bhosale,9822000108,PACS_MEMBER,Kolhapur,Shirol PACS
Ganesh Thorat,9822000109,COOP_EMPLOYEE,Pune,Maval Multipurpose Coop
Savita Mane,9822000110,PACS_MEMBER,Nagpur,Umred PACS
